34:51:c9:dc:c5:cb,sbrains-iPad
68:96:7b:af:d5:2f,ethel
94:db:c9:e0:f2:79,minime
20:c9:d0:c3:96:6d,BEONFIRE
00:26:c7:5a:54:c0,lcheung-THINK
20:c9:d0:5a:91:ea,Erythremortus
68:96:7b:35:93:4f,HBs-iPhone
d0:23:db:52:39:6e,Wardys-iPhone
a4:67:06:6c:7f:77,ALFRED
c8:bc:c8:17:cb:6b,Davids-iPad
78:ca:39:40:26:38,Colin-Daviess-MacBook-Air-2
b8:ff:61:48:d5:8e,Nicola-Quinn-iPad
c4:17:fe:2a:f6:28,Lesley
40:30:04:e3:7e:6d,iPad-2
d8:a2:5e:8b:4a:de,RB
e0:c9:7a:51:0e:32,iPhone-4S-de-Sid-Rouis
00:88:65:a1:95:00,Mikes-iPhone-5
8c:a9:82:ac:c0:16,XPS-15
64:27:37:ee:f7:81,PL0001
54:26:96:13:81:14,Gregs-iPhone-2
68:a8:6d:d1:7a:75,Marks-iPhone
9c:04:eb:86:34:8c,Marks-iPad-3
04:0c:ce:da:9b:54,Meh._bttremote._tcp
00:01:38:fc:e6:98,Worker
f0:d1:a9:f0:ec:2e,carl-coxs-iPad
4c:b1:99:49:fb:b9,Gregs-iPad-2
00:26:bb:1a:80:76,ML005
28:cf:e9:15:a3:83,Chriss-MacBook-Pro-2
00:21:6a:1f:63:a2,latototoppotwo
00:22:fb:8a:e0:a0,simon-Studio-1555
a8:88:08:20:84:1b,Sams-iPhone
24:77:03:00:13:14,TIMREGANLLW8
e0:f8:47:23:3d:42,Joannas-MacBook-Pro
14:10:9f:e2:fb:8d,tornado
00:1e:64:0a:40:de,Dave-Laptop
88:53:2e:5a:5c:26,Anjum-TOSH
78:ca:39:ae:cd:a4,PYAs-MacBook-Pro
00:1c:b3:be:ef:fd,lucy-jefferys-computer
00:26:bb:03:b2:39,Alices-MacBook-Pro
10:40:f3:9f:f7:d6,MatthewDown-PC
e4:8b:7f:9b:30:cb,MARTIN-SARGEANTs-iPad-mini
00:1e:65:27:7a:06,Win7uLaptop
58:b0:35:7c:96:6a,tommacbook
60:c5:47:8e:87:94,Rob
30:14:4a:3b:60:bb,oooooooo
78:a3:e4:88:96:16,Liam-Convies-iPhone
00:24:d6:08:4a:b0,Starnid-PC
e0:f8:47:06:03:b8,Sydney-Levinsons-MacBook-Pro
c4:85:08:35:5b:01,CHRIS-ULTRABOOK
50:b7:c3:56:e0:93,pete-laptop
7c:d1:c3:84:02:32,Adams-MacBook-Pro
60:fa:cd:48:c0:c4,Ginas-iPhone
d8:d1:cb:cc:fc:cb,iPhone-von-Harald-Schmid
20:c9:d0:81:83:99,Saras-MacBook-Pro
68:96:7b:28:03:b4,Sydneys-iPhone
60:c5:47:97:18:6e,admins-MacBook-Pro-6
60:c5:47:94:7a:b0,andrews-MacBook-Pro-2
9c:04:eb:98:57:ca,iPad
c4:46:19:60:f0:d6,murray-PC
b8:f6:b1:17:29:1b,Alexs-MacBook-Pro
d0:23:db:35:d9:1a,Michael-Hobsons-iPhone
90:27:e4:f2:d9:51,csassenberg
60:33:4b:17:10:22,Le-Petit-Dirty
00:23:14:b6:df:40,M-VAIO
14:10:9f:d6:21:9f,Thomass-MacBook-Pro
04:0c:ce:e2:d0:e6,Mathias
e0:f8:47:24:c2:2a,cassie-robinsons-computer
00:26:08:e4:28:0d,sandra-browns-ibook-g4-9
28:cf:e9:15:fa:01,Benns-MacBook-Pro
c8:bc:c8:dc:83:b0,UIM._growl._tcp
b8:f6:b1:18:ee:31,Maurices-MacBook-Pro-2
34:51:c9:5c:41:15,Delta55
00:24:d7:57:a2:68,LONLW4284
6c:88:14:05:90:14,LONLW4629
20:c9:d0:49:6a:65,deborahs-MacBook-Pro
e4:ce:8f:da:61:1b,iPhone-29
f8:1e:df:e2:c0:39,Ians-MacBook-Pro
f8:1e:df:e5:f5:94,sebmac
e0:f8:47:2f:cd:4e,Michael-Hobsons-MacBook-Pro
14:10:9f:f1:85:fe,Faisals-MacBook-Air
84:3a:4b:6a:bf:a4,NJE000092003002
12:33:4b:17:10:22,Le-Petit-Dirty
1a:bc:c8:dc:83:b0,UIM-2
22:33:4b:17:10:22,Le-Petit-Dirty
78:92:9c:58:44:66,Samsung-PC
c8:f7:33:25:ab:e3,Broszat-UBook
14:10:9f:f3:58:e6,Annie
14:10:9f:d8:a5:15,Angelas-MacBook-Pro
94:94:26:01:68:90,ML0013
10:40:f3:90:1d:82,Js-MacBook-Air-2
74:e2:f5:2d:1f:0e,Lucy-Jefferyss-iPad
