e0:f8:47:23:3d:42,dropbox.com
10:bf:48:f3:ce:09,rememberthemilk.com
10:68:3f:46:2e:76,conviva.com
68:a8:6d:d1:7a:75,apple.com
10:68:3f:48:a6:c7,gstatic.com
00:24:d6:08:4a:b0,avast.com
88:53:2e:5a:5c:26,infogr.am
20:c9:d0:49:af:f9,apple.com
78:ca:39:b7:2e:a7,8tracks.com
00:21:6a:1f:63:a2,googleapis.com
60:c5:47:8e:87:94,gravatar.com
60:36:dd:42:e0:8c,liveperson.net
00:12:7b:5b:c3:02,co.uk
14:10:9f:e2:fb:8d,dropbox.com
00:1e:65:27:7a:06,livefyre.com
00:12:7b:5b:cb:3e,co.uk
00:12:7b:5b:bd:4b,co.uk
00:12:7b:5b:af:f4,co.uk
88:cb:87:cc:f7:29,giraffegraph.com
28:cf:e9:15:a3:83,google-analytics.com
b4:07:f9:47:fc:dd,flurry.com
00:12:7b:5b:ca:e9,co.uk
10:40:f3:9f:f7:d6,dropbox.com
00:12:7b:5b:c2:f0,co.uk
10:68:3f:34:cd:4a,34.103
